trucks,repeat,steps,readings,physics_s,records_s,json_s,physics_eps,end_to_end_eps,python,numpy,commit
1000,1,20,19513,0.0702,0.6149,0.5974,278025,15215,3.12.15,2.5.3,d1bdd77
1000,2,20,19424,0.0641,0.6198,0.6534,302848,14524,3.12.15,2.5.3,d1bdd77
1000,3,20,19449,0.1232,0.8884,0.8595,157818,10394,3.12.15,2.5.3,d1bdd77
10000,1,20,195635,0.2726,5.3292,5.3281,717779,17899,3.12.15,2.5.3,d1bdd77
10000,2,20,195465,0.2394,4.2844,4.6654,816465,21271,3.12.15,2.5.3,d1bdd77
10000,3,20,195572,0.2863,6.0423,6.056,683142,15792,3.12.15,2.5.3,d1bdd77
25000,1,20,488806,0.7953,18.5718,16.8554,614633,13495,3.12.15,2.5.3,d1bdd77
25000,2,20,489116,1.008,21.492,19.2674,485217,11710,3.12.15,2.5.3,d1bdd77
25000,3,20,488546,1.1379,21.3247,18.5369,429337,11916,3.12.15,2.5.3,d1bdd77
